{"cameraMode":{"drawMode":0,"name":"Shaded","section":"Shading Mode"},"sceneLighting":true,"audioPlay":false,"sceneViewState":{"m_AlwaysRefresh":false,"showFog":true,"showSkybox":true,"showFlares":true,"showImageEffects":true,"showParticleSystems":true,"showVisualEffectGraphs":true,"m_FxEnabled":true},"in2DMode":false,"pivot":{"x":-13.180000305175782,"y":1.1499998569488526,"z":-3.3390579223632814},"rotation":{"x":0.11087097227573395,"y":0.23325909674167634,"z":-0.026810089126229287,"w":0.9657599329948425},"size":0.8660253882408142,"orthographic":false}