{"cameraMode":{"drawMode":0,"name":"Shaded","section":"Shading Mode"},"sceneLighting":true,"audioPlay":false,"sceneViewState":{"m_AlwaysRefresh":false,"showFog":true,"showSkybox":true,"showFlares":true,"showImageEffects":true,"showParticleSystems":true,"showVisualEffectGraphs":true,"m_FxEnabled":true},"in2DMode":false,"pivot":{"x":28.12938117980957,"y":11.585579872131348,"z":-191.27816772460938},"rotation":{"x":0.035157833248376849,"y":0.9157171845436096,"z":0.0823902115225792,"w":-0.3919100761413574},"size":3.8156888484954836,"orthographic":false}