{"cameraMode":{"drawMode":0,"name":"Shaded","section":"Shading Mode"},"sceneLighting":true,"audioPlay":false,"sceneViewState":{"m_AlwaysRefresh":false,"showFog":true,"showSkybox":true,"showFlares":true,"showImageEffects":true,"showParticleSystems":true,"showVisualEffectGraphs":true,"m_FxEnabled":true},"in2DMode":false,"pivot":{"x":-27.865074157714845,"y":-24.51748275756836,"z":-277.11077880859377},"rotation":{"x":-0.000016507896361872554,"y":0.9978622794151306,"z":-0.06626404821872711,"w":0.00030443674768321216},"size":171.57958984375,"orthographic":false}